"","fup","True_MRD"
"1",0,0.00313575477015748
"2",1,0.00733153396504249
"3",2,0.012338114142982
"4",3,0.0193216754913501
"5",4,0.0316167455643619
