time,memory,allocations
5.051547,3.701641894876957,5081429
