file,time_seconds,alloc_kb
data_1e+05_-3.8_0.5_0_1.csv,15.9602897,2.25754109375e6
data_1e+05_-3.8_0.5_0_2.csv,21.4896539,2.2605992265625e6
data_1e+05_-3.8_0.5_0_3.csv,24.8154085,2.2584801484375e6
data_1e+05_-3.8_0.5_0_4.csv,24.5536596,2.2599049140625e6
data_1e+05_-3.8_0.5_0_5.csv,17.1384825,2.2562542421875e6
